<?xml version="1.0" encoding="UTF-8"?>
<!DOCTYPE suite SYSTEM "http://testng.org/testng-1.0.dtd">
<suite name="Suite">
	<parameter name="url" value="http://leaftaps.com/opentaps/" />
	<parameter name="username" value="DemoSalesManager" />
	<parameter name="password" value="crmsfa" />
	<test thread-count="5" name="Test">
		<classes>
			<!-- <class name="org.testleaf.leaftaps.leads.testcases.DeleteLead" /> -->
			<class name="org.testleaf.leaftaps.leads.testcases.EditLead" />
			<class name="org.testleaf.leaftaps.leads.testcases.CreateLead" /> 
		</classes>
	</test> <!-- Test -->
</suite> <!-- Suite -->
